recommendation_id,asset_id,asset_name,country,sector,recommendation_category,recommendation_text,expected_impact,implementation_cost,implementation_timeframe
REC-001,INF-001,OR Tambo Airport,South Africa,Infrastructure,RESILIENCE,Implement predictive maintenance with Digital Twin monitoring to reduce infrastructure failures by 35%,Expected Impact: 35% reduction in unplanned downtime,Estimated Cost: $5M,Timeline: 12-18 months
REC-002,INF-003,Walvis Bay Port,Namibia,Infrastructure,TRANSFORMATION,Deploy smart port automation with AI-driven logistics for SADC landlocked state access,Expected Impact: 50% increase in throughput,Estimated Cost: $25M,Timeline: 24-36 months
REC-003,ENE-003,Green Hydrogen Project,Namibia,Energy,TRANSITION,Accelerate electrolyzer deployment to capture 15% of global green hydrogen market by 2030,Expected Impact: $2B market opportunity,Estimated Cost: $500M,Timeline: 36-48 months
REC-004,ENE-005,Koeberg Nuclear Station,South Africa,Energy,RESILIENCE,Extend operational license with comprehensive safety monitoring and predictive anomaly detection,Expected Impact: 20-year operational extension,Estimated Cost: $800M,Timeline: 24-36 months
REC-005,MIN-001,Jwaneng Mine,Botswana,Mining,TRANSFORMATION,Implement autonomous vehicle fleet with AI-driven ore sorting for 12% recovery improvement,Expected Impact: 15% operational efficiency gain,Estimated Cost: $150M,Timeline: 18-24 months
REC-006,MIN-005,Sishen Mine,South Africa,Mining,TRANSFORMATION,Deploy autonomous rail haulage with AI-powered stockpile management for 18% cost reduction,Expected Impact: 18% cost savings,Estimated Cost: $200M,Timeline: 24-30 months
REC-007,WAT-001,Gaborone Dam,Botswana,Water,ADAPTATION,Deploy AI-driven smart water management with leak detection for 30% loss reduction,Expected Impact: 30% water savings,Estimated Cost: $8M,Timeline: 12-18 months
REC-008,WAT-005,Vaal Dam,South Africa,Water,ADAPTATION,Implement AI-driven reservoir optimization with climate-adaptive releases for drought resilience,Expected Impact: 40% drought resilience improvement,Estimated Cost: $12M,Timeline: 18-24 months
REC-009,AGR-005,Free State Precision Farm,South Africa,Agriculture,TRANSFORMATION,Deploy AI-driven precision agriculture with weather-based harvest optimization,Expected Impact: 25% yield improvement,Estimated Cost: $3M,Timeline: 12 months
REC-010,CFN-003,Namib Conservation Finance,Namibia,Climate Finance,ADAPTATION,Scale verified carbon credits with community benefits sharing for $10M annual revenue,Expected Impact: $10M/year carbon finance,Estimated Cost: $2M,Timeline: 12-18 months
REC-011,ICT-005,Teraco Isando,South Africa,ICT,TRANSFORMATION,Deploy renewable microgrid with 20MW solar and predictive failure detection for 99.999% uptime,Expected Impact: Carbon-neutral operations,Estimated Cost: $30M,Timeline: 18-24 months
REC-012,LOG-001,Kazungula Corridor,Botswana,Logistics,RESILIENCE,Implement smart border systems with AI-driven clearance for 40% efficiency improvement,Expected Impact: 40% border efficiency gain,Estimated Cost: $15M,Timeline: 12-18 months